﻿<?xml version="1.0" encoding="utf-8" standalone="yes"?>
<?Declaration Don't modify the file manually,  its created automaticlly?>
<RegisteredList>
  <Package name="com.android.systemui" threshold="100">
    <Event id="1"/>
    <Event id="2"/>
    <Event id="3"/>
    <Event id="4"/>
    <Event id="5"/>
    <Event id="6"/>
    <Event id="7"/>
    <Event id="8"/>
    <Event id="9"/>
    <Event id="10"/>
    <Event id="11"/>
    <Event id="12"/>
    <Event id="13"/>
    <Event id="14"/>
    <Event id="15"/>
    <Event id="16"/>
    <Event id="17"/>
    <Event id="18"/>
    <Event id="19"/>
    <Event id="20"/>
    <Event id="21"/>
    <Event id="22"/>
    <Event id="23"/>
    <Event id="24"/>
    <Event id="25"/>
    <Event id="26"/>
    <Event id="27"/>
    <Event id="28"/>
    <Event id="29"/>
    <Event id="30"/>
    <Event id="31"/>
    <Event id="32"/>
    <Event id="33"/>
    <Event id="34"/>
    <Event id="35"/>
    <Event id="36"/>
    <Event id="37"/>
    <Event id="38"/>
    <Event id="39"/>
    <Event id="40"/>
    <Event id="41"/>
    <Event id="42"/>
    <Event id="43"/>
    <Event id="44"/>
    <Event id="45"/>
    <Event id="46"/>
    <Event id="47"/>
    <Event id="48"/>
    <Event id="47"/>
    <Event id="48"/>
    <Event id="49"/>
    <Event id="50"/>
    <Event id="51"/>
    <Event id="52"/>
    <Event id="53"/>
    <Event id="54"/>
    <Event id="55"/>
    <Event id="56"/>
    <Event id="57"/>
    <Event id="58"/>
    <Event id="59"/>
    <Event id="60"/>
    <Event id="61"/>
    <Event id="62"/>
    <Event id="63"/>
    <Event id="64"/>
    <Event id="65"/>
    <Event id="66"/>
    <Event id="67"/>
    <Event id="68"/>
    <Event id="69"/>
    <Event id="71"/>
    <Event id="72"/>
    <Event id="73"/>
    <Event id="74"/>
    <Event id="75"/>
    <Event id="76"/>
    <Event id="77"/>
    <Event id="78"/>
    <Event id="79"/>
    <Event id="80"/>
	<Event id="83"/>
	<Event id="84"/>
	<Event id="85"/>
    <Event id="86"/>
  </Package>
  <Package name="com.android.mms" threshold="200">
    <Event id="1"/>
    <Event id="2"/>
    <Event id="3"/>
    <Event id="4"/>
    <Event id="5"/>
    <Event id="6"/>
    <Event id="7"/>
    <Event id="8"/>
    <Event id="9"/>
    <Event id="10"/>
    <Event id="11"/>
  </Package>
  <Package name="com.huawei.kidwatch.contacts" threshold="100">
    <Event id="1"/>
    <Event id="2"/>
    <Event id="3"/>
    <Event id="4"/>
    <Event id="5"/>
    <Event id="6"/>
    <Event id="7"/>
    <Event id="8"/>
    <Event id="9"/>
    <Event id="10"/>
  </Package>
  <Package name="com.huawei.kidwatch.shakecontacts" threshold="50">
    <Event id="1"/>
    <Event id="2"/>
    <Event id="3"/>
  </Package>
  <Package name="com.huawei.kidwatch.reward" threshold="100">
    <Event id="1"/>
    <Event id="2"/>
    <Event id="3"/>
    <Event id="4"/>
    <Event id="5"/>
    <Event id="6"/>
  </Package>
  <Package name="com.huawei.kidwatch.hwactivitytracker" threshold="200">
    <Event id="1"/>
    <Event id="2"/>
    <Event id="3"/>
    <Event id="4"/>
    <Event id="5"/>
    <Event id="6"/>
    <Event id="7"/>
    <Event id="8"/>
    <Event id="9"/>
    <Event id="10"/>
    <Event id="11"/>
    <Event id="12"/>
    <Event id="13"/>
    <Event id="14"/>
    <Event id="15"/>
    <Event id="16"/>
    <Event id="17"/>
    <Event id="18"/>
  </Package>
  <Package name="com.huawei.kidwatch.hwcamera" threshold="200">
    <Event id="1"/>
    <Event id="2"/>
    <Event id="3"/>
    <Event id="4"/>
    <Event id="5"/>
    <Event id="6"/>
    <Event id="7"/>
    <Event id="8"/>
    <Event id="9"/>
    <Event id="10"/>
    <Event id="11"/>
    <Event id="12"/>
    <Event id="13"/>
    <Event id="14"/>
  </Package>
  <Package name="com.huawei.kidwatch.hwgallery" threshold="200">
    <Event id="1"/>
    <Event id="2"/>
    <Event id="3"/>
    <Event id="4"/>
    <Event id="5"/>
    <Event id="6"/>
    <Event id="7"/>
    <Event id="8"/>
    <Event id="9"/>
    <Event id="10"/>
    <Event id="11"/>
    <Event id="12"/>
    <Event id="13"/>
    <Event id="14"/>
	<Event id="15"/>
	<Event id="16"/>
	<Event id="17"/>
	<Event id="18"/>
  </Package>
  <Package name="com.huawei.kidwatch.childguard" threshold="200">
    <Event id="1"/>
    <Event id="2"/>
    <Event id="3"/>
    <Event id="4"/>
  </Package>
  <Package name="com.huawei.kidwatch.alarmclock" threshold="50">
    <Event id="1"/>
    <Event id="2"/>
    <Event id="3"/>
    <Event id="4"/>
    <Event id="5"/>
    <Event id="6"/>
    <Event id="7"/>
    <Event id="8"/>
    <Event id="9"/>
    <Event id="10"/>
    <Event id="11"/>
    <Event id="12"/>
    <Event id="13"/>
  </Package>
  <Package name="com.huawei.kidwatch.weather" threshold="100">
    <Event id="1"/>
    <Event id="2"/>
    <Event id="3"/>
    <Event id="4"/>
  </Package>
  <Package name="com.huawei.kidwatch.stopwatch" threshold="50">
    <Event id="1"/>
    <Event id="2"/>
    <Event id="3"/>
    <Event id="4"/>
  </Package>
  <Package name="com.huawei.kidwatch.commonsetting" threshold="100">
    <Event id="1"/>
    <Event id="2"/>
    <Event id="3"/>
    <Event id="5"/>
  </Package>
  <Package name="com.huawei.kidwatch.watchsettings" threshold="200">
    <Event id="1"/>
    <Event id="2"/>
    <Event id="3"/>
    <Event id="4"/>
    <Event id="4"/>
    <Event id="4"/>
    <Event id="5"/>
    <Event id="5"/>
    <Event id="5"/>
    <Event id="5"/>
    <Event id="6"/>
    <Event id="7"/>
    <Event id="8"/>
    <Event id="9"/>
    <Event id="9"/>
    <Event id="10"/>
    <Event id="11"/>
    <Event id="12"/>
    <Event id="12"/>
    <Event id="12"/>
    <Event id="12"/>
    <Event id="12"/>
    <Event id="13"/>
    <Event id="14"/>
    <Event id="15"/>
    <Event id="16"/>
	<Event id="21"/>
  </Package>
  <Package name="com.android.dialer" threshold="100">
    <Event id="1"/>
    <Event id="2"/>
    <Event id="3"/>
    <Event id="4"/>
    <Event id="5"/>
    <Event id="6"/>
  </Package>
  <Package name="com.android.server.telecom" threshold="200">
    <Event id="1"/>
    <Event id="2"/>
    <Event id="3"/>
    <Event id="4"/>
    <Event id="5"/>
    <Event id="6"/>
    <Event id="7"/>
    <Event id="8"/>
    <Event id="9" threshold="1000"/>
    <Event id="10"/>
    <Event id="11"/>
    <Event id="12"/>
    <Event id="13"/>
    <Event id="11"/>
  </Package>
  <Package name="com.android.phone" threshold="50">
    <Event id="1"/>
    <Event id="2"/>
  </Package>
  <Package name="com.huawei.kidwatch.watchwificontroller" threshold="200">
    <Event id="1"/>
    <Event id="2"/>
    <Event id="3"/>
    <Event id="4"/>
    <Event id="5" privacyLevel="high"/>
    <Event id="6" privacyLevel="high"/>
  </Package>
  <Package name="com.huawei.kidwatch.locationservice" threshold="200">
    <Event id="1"/>
    <Event id="2"/>
    <Event id="3"/>
    <Event id="4"/>
    <Event id="5"/>
    <Event id="6"/>
    <Event id="8"/>
    <Event id="9"/>
    <Event id="10"/>
    <Event id="12"/>
    <Event id="13"/>
    <Event id="14"/>
    <Event id="15"/>
  </Package>
  <Package name="com.huawei.kidwatch.kidchat" threshold="200">
    <Event id="1"/>
    <Event id="2"/>
    <Event id="3"/>
    <Event id="4"/>
    <Event id="5"/>
    <Event id="6"/>
    <Event id="7"/>
    <Event id="8"/>
    <Event id="9"/>
    <Event id="10"/>
    <Event id="11"/>
    <Event id="12"/>
    <Event id="13"/>
    <Event id="14"/>
    <Event id="15"/>
    <Event id="16"/>
    <Event id="17"/>
    <Event id="18"/>
    <Event id="19"/>
    <Event id="20"/>
    <Event id="21"/>
    <Event id="22" threshold="1000"/>
    <Event id="23"/>
	<Event id="24"/>
	<Event id="25"/>
  </Package>
  <Package name="com.huawei.kidwatch.betaclub" threshold="20">
    <Event id="1"/>
  </Package>
  <Package name="com.huawei.kidwatch.smart4g" threshold="200">
    <Event id="1"/>
    <Event id="2"/>
    <Event id="3"/>
    <Event id="4"/>
    <Event id="5" threshold="1000"/>
    <Event id="6" threshold="1000"/>
    <Event id="7"/>
    <Event id="8" threshold="1000"/>
    <Event id="9" threshold="1000"/>
    <Event id="10" threshold="1000"/>
    <Event id="11"/>
    <Event id="12"/>
    <Event id="13"/>
    <Event id="14"/>
    <Event id="15"/>
  </Package>
  <Package name="com.huawei.kidwatch.wearableservice" threshold="100">
    <Event id="1"/>
    <Event id="2"/>
    <Event id="3"/>
    <Event id="4" threshold="1000"/>
    <Event id="5"/>
    <Event id="6"/>
    <Event id="7"/>
  </Package>
  <Package name="com.huawei.wearable.ota" threshold="100">
    <Event id="1"/>
    <Event id="2"/>
    <Event id="3"/>
    <Event id="4"/>
    <Event id="5"/>
    <Event id="6"/>
    <Event id="7"/>
    <Event id="8"/>
    <Event id="9"/>
    <Event id="10"/>
    <Event id="11"/>
    <Event id="12"/>
  </Package>
  <Package name="com.huawei.wearable.hwid" threshold="100">
    <Event id="1"/>
    <Event id="2"/>
    <Event id="3"/>
    <Event id="4"/>
    <Event id="5"/>
    <Event id="6"/>
    <Event id="7"/>
    <Event id="8"/>
    <Event id="9"/>
    <Event id="10"/>
    <Event id="11"/>
    <Event id="12"/>
    <Event id="13"/>
  </Package>
  <Package name="android" threshold="100">
    <Event id="1"/>
    <Event id="2"/>
    <Event id="3"/>
    <Event id="4"/>
  </Package>
  <Package name="com.huawei.kidwatch.videochat" threshold="200">
    <Event id="1"/>
    <Event id="2"/>
    <Event id="3"/>
    <Event id="4"/>
    <Event id="5"/>
    <Event id="6"/>
    <Event id="7" threshold="1000"/>
    <Event id="8"/>
    <Event id="9"/>
    <Event id="10"/>
    <Event id="11"/>
    <Event id="12"/>
    <Event id="13"/>
    <Event id="14"/>
    <Event id="15"/>
    <Event id="16"/>
    <Event id="17"/>
    <Event id="18"/>
  </Package>
  <Package name="com.huawei.kidwatch.hwalipay" threshold="50">
    <Event id="1"/>
    <Event id="2"/>
    <Event id="3"/>
  </Package>
  <Package name="com.android.bluetooth" threshold="100">
    <Event id="1"/>
    <Event id="2"/>
    <Event id="3"/>
    <Event id="4"/>
  </Package>
  <Package name="com.huawei.wearable.watchface" threshold="50">
    <Event id="1"/>
    <Event id="2"/>
    <Event id="3"/>
    <Event id="4"/>
  </Package>
  <Package name="com.android.cellbroadcastreceiver" threshold="50">
    <Event id="1"/>
  </Package>
  <Package name="com.huawei.kidwatch.hwropeskipping" threshold="50">
    <Event id="1"/>
    <Event id="2"/>
    <Event id="3"/>
    <Event id="4"/>
    <Event id="5"/>
	<Event id="6"/>
	<Event id="7"/>
	<Event id="8"/>
  </Package>
  <Package name="com.huawei.kidwatch.hwactivityrecord" threshold="50">
    <Event id="1"/>
    <Event id="2"/>
    <Event id="3"/>
    <Event id="5"/>
    <Event id="6"/>
    <Event id="7"/>
    <Event id="8"/>
    <Event id="9"/>
    <Event id="10"/>
    <Event id="11"/>
    <Event id="12"/>
    <Event id="13"/>
  </Package>
  <Package name="com.huawei.kidwatch.hwswimming.activitys" threshold="50">
    <Event id="1"/>
    <Event id="2"/>
    <Event id="4"/>
  </Package>
  <Package name="com.huawei.wearwallet.kid" threshold="50">
    <Event id="1"/>
    <Event id="2"/>
    <Event id="3"/>
    <Event id="4"/>
    <Event id="5"/>
    <Event id="6"/>
    <Event id="7"/>
    <Event id="8"/>
    <Event id="9"/>
  </Package>
  <Package name="com.huawei.kidwatch.smartnotifier" threshold="50">
    <Event id="1"/>
  </Package>
  <Package name="com.huawei.bonuspoint" threshold="200">
    <Event id="1"/>
  </Package>
  <Package name="com.huawei.readinghabits" threshold="200">
    <Event id="1"/>
	<Event id="2"/>
    <Event id="3"/>
    <Event id="4"/>
    <Event id="5"/>
  </Package>
</RegisteredList>
